City,Score_Category
Bahawalpur,0.0840950859388624
Bannu,0.0840950859388624
Faisalabad,0.0840950859388624
Gujranwala,0.0840950859388624
Hyderabad,0.0840950859388624
