City,Score_Corr
Bahawalpur,0.2425356250363329
Bannu,0.2425356250363329
Faisalabad,0.2425356250363329
Gujranwala,0.2425356250363329
Hyderabad,0.2425356250363329
