City,Score_Equal
Bahawalpur,0.5606339062590833
Bannu,0.5606339062590833
Faisalabad,0.5606339062590833
Gujranwala,0.5606339062590833
Hyderabad,0.5606339062590833
